<?xml version="1.0" encoding="UTF-8"?>
<tutoresdoc>
    <tutordoc>
        <codtut>1</codtut>
        <nomap>Prudencio Ruiz</nomap>
        <correo>pruiz@fundacionsafa.es</correo>
        <telefono>666777888</telefono>
    </tutordoc>
    <tutordoc>
        <codtut>2</codtut>
        <nomap>José Ignacio Naranjo</nomap>
        <correo>jnaranjo@fundacionsafa.es</correo>
        <telefono>676767676</telefono>
    </tutordoc>
    <tutordoc>
        <codtut>3</codtut>
        <nomap>Alex Tolon</nomap>
        <correo>atolon@fundacionsafa.es</correo>
        <telefono>686868686</telefono>
    </tutordoc>
</tutoresdoc>